,contractSymbol,lastTradeDate,strike,lastPrice,bid,ask,change,percentChange,volume,openInterest,impliedVolatility,inTheMoney,contractSize,currency
0,DUK210416P00045000,1584974612,45.0,4.2,0.95,1.45,0.0,0.0,,20,0.524418818359375,False,REGULAR,USD
1,DUK210416P00050000,1585249144,50.0,2.5,1.15,1.95,0.0,0.0,1.0,714,0.4981739636230469,False,REGULAR,USD
2,DUK210416P00055000,1584557546,55.0,6.5,1.6,2.55,0.0,0.0,,714,0.4726615234375,False,REGULAR,USD
3,DUK210416P00065000,1584974791,65.0,11.8,3.0,4.0,0.0,0.0,40.0,39,0.4190731921386719,False,REGULAR,USD
4,DUK210416P00070000,1585161472,70.0,8.75,4.4,5.0,0.0,0.0,,10,0.39649041015625003,False,REGULAR,USD
5,DUK210416P00075000,1586446437,75.0,5.9,5.6,6.4,-3.1,-34.444443,2.0,5,0.3821472918701171,False,REGULAR,USD
6,DUK210416P00082500,1586362767,82.5,11.0,7.9,9.1,0.0,0.0,2.0,4,0.36511865356445317,False,REGULAR,USD
