,contractSymbol,lastTradeDate,strike,lastPrice,bid,ask,change,percentChange,volume,openInterest,impliedVolatility,inTheMoney,contractSize,currency
0,DUK210416P00045000,1585088255,45.0,4.2,0.95,1.45,0.0,0.0,,20,0.5236864038085938,False,REGULAR,USD
1,DUK210416P00050000,1585249144,50.0,2.5,1.15,1.95,0.0,0.0,1.0,714,0.4974415490722657,False,REGULAR,USD
2,DUK210416P00055000,1584557546,55.0,6.5,1.6,2.55,0.0,0.0,,714,0.4720511779785156,False,REGULAR,USD
3,DUK210416P00065000,1584974505,65.0,11.8,3.0,4.0,0.0,0.0,,39,0.4184628466796875,False,REGULAR,USD
4,DUK210416P00070000,1585161472,70.0,8.75,4.4,5.0,0.0,0.0,,10,0.39600213378906257,False,REGULAR,USD
5,DUK210416P00075000,1586446437,75.0,5.9,5.6,6.4,-3.1,-34.444443,2.0,5,0.3815979809570312,False,REGULAR,USD
6,DUK210416P00082500,1586362767,82.5,11.0,7.9,9.1,0.0,0.0,2.0,4,0.36463037719726565,False,REGULAR,USD
