,contractSymbol,lastTradeDate,strike,lastPrice,bid,ask,change,percentChange,volume,openInterest,impliedVolatility,inTheMoney,contractSize,currency
0,INTC210219P00035000,1586450970,35.0,1.26,1.06,1.23,0.0,0.0,1.0,1,0.4997608618164063,False,REGULAR,USD
1,INTC210219P00040000,1586460665,40.0,2.33,1.72,1.92,0.0,0.0,2.0,2,0.4672904833984375,False,REGULAR,USD
2,INTC210219P00052500,1586798016,52.5,5.67,4.75,5.0,0.0,0.0,13.0,15,0.4023497265625,False,REGULAR,USD
3,INTC210219P00057500,1586794125,57.5,7.64,6.7,7.0,0.0,0.0,20.0,20,0.38440557006835935,False,REGULAR,USD
4,INTC210219P00060000,1586280488,60.0,7.79,7.85,8.15,0.0,0.0,,25,0.3748841809082031,False,REGULAR,USD
